Player,Pos
Álex Abrines,SG
Quincy Acy,PF
Steven Adams,C
Bam Adebayo,C
Arron Afflalo,SG
Cole Aldrich,C
LaMarcus Aldridge,C
Jarrett Allen,C
Kadeem Allen,PG
Tony Allen,SF
Al-Farouq Aminu,PF
Justin Anderson,SF
Kyle Anderson,SF
Ryan Anderson,PF
Ike Anigbogu,C
Giannis Antetokounmpo,PF
Carmelo Anthony,PF
OG Anunoby,SF
Ryan Arcidiacono,PG
Trevor Ariza,SF
Player,Pos
Darrell Arthur,PF
Jamel Artis,SG
Ömer Aşık,C
Ömer Aşık,C
Ömer Aşık,C
D.J. Augustin,PG
Luke Babbitt,SF
Luke Babbitt,SF
Luke Babbitt,SF
Dwayne Bacon,SG
Ron Baker,SG
Wade Baldwin,PG
Lonzo Ball,PG
J.J. Barea,PG
Harrison Barnes,PF
Will Barton,SG
Nicolas Batum,SG
Jerryd Bayless,SG
Aron Baynes,C
Kent Bazemore,SG
Bradley Beal,SG
Malik Beasley,SG
Michael Beasley,PF
Marco Belinelli,SG
Marco Belinelli,SG
Marco Belinelli,SG
Player,Pos
Jordan Bell,C
DeAndre' Bembry,SF
Dragan Bender,PF
Dāvis Bertāns,PF
Patrick Beverley,SG
Khem Birch,C
Jabari Bird,SG
Bismack Biyombo,C
Nemanja Bjelica,PF
Tarik Black,C
Antonio Blakeney,SG
Eric Bledsoe,PG
Eric Bledsoe,PG
Eric Bledsoe,PG
Vander Blue,SG
Bogdan Bogdanović,SG
Bojan Bogdanović,SF
Andrew Bogut,C
Joel Bolomboy,PF
Devin Booker,SG
Trevor Booker,PF
Trevor Booker,PF
Trevor Booker,PF
Trevor Booker,PF
Chris Boucher,PF
Player,Pos
Avery Bradley,SG
Avery Bradley,SG
Avery Bradley,SG
Tony Bradley,C
Corey Brewer,SF-SG
Corey Brewer,SF
Corey Brewer,SG
Malcolm Brogdon,PG
Aaron Brooks,PG
Dillon Brooks,SF
MarShon Brooks,SG
Anthony Brown,SF
Bobby Brown,PG
Jaylen Brown,SG
Lorenzo Brown,PG
Markel Brown,SG
Sterling Brown,SG
Nicolás Brussino,SF
Thomas Bryant,C
Reggie Bullock,SF
Trey Burke,PG
Alec Burks,SG
Jimmy Butler,SG
Dwight Buycks,PG
Player,Pos
Bruno Caboclo,SF
Bruno Caboclo,SF
Bruno Caboclo,SF
José Calderón,PG
Kentavious Caldwell-Pope,SG
Isaiah Canaan,PG-SG
Isaiah Canaan,SG
Isaiah Canaan,PG
Clint Capela,C
DeMarre Carroll,PF
Vince Carter,SF
Michael Carter-Williams,PG
Alex Caruso,PG
Omri Casspi,SF
Willie Cauley-Stein,C
Tyler Cavanaugh,PF
Mario Chalmers,PG
Tyson Chandler,C
Wilson Chandler,SF
Marquese Chriss,PF
Ian Clark,SG
Jordan Clarkson,SG
Jordan Clarkson,SG
Jordan Clarkson,SG
Gian Clavell,SG
Antonius Cleveland,SG
Antonius Cleveland,SG
Antonius Cleveland,SG
Player,Pos
John Collins,PF
Zach Collins,C
Kyle Collinsworth,SF
Darren Collison,PG
Nick Collison,PF
Mike Conley,PG
Pat Connaughton,SG
Quinn Cook,PG
Charles Cooke,SG
Jack Cooley,PF
Matt Costello,C
DeMarcus Cousins,C
Robert Covington,SF
Allen Crabbe,SG
Torrey Craig,SF
Jamal Crawford,SG
Jordan Crawford,SG
Jae Crowder,SF
Jae Crowder,SF
Jae Crowder,SF
Dante Cunningham,SF
Dante Cunningham,SF
Dante Cunningham,SF
Stephen Curry,PG
Player,Pos
Troy Daniels,SG
Anthony Davis,PF
Deyonta Davis,C
Ed Davis,C
Dewayne Dedmon,C
Sam Dekker,PF
Malcolm Delaney,PG
Matthew Dellavedova,PG
Luol Deng,SF
DeMar DeRozan,SG
Cheick Diallo,PF
Gorgui Dieng,C
Spencer Dinwiddie,PG
Tyler Dorsey,SG
Damyean Dotson,SG
Milton Doyle,SG
PJ Dozier,PG
Goran Dragić,PG
Larry Drew II,PG
Larry Drew II,PG
Larry Drew II,PG
Andre Drummond,C
Player,Pos
Jared Dudley,PF
Kris Dunn,PG
Kevin Durant,SF
Jarell Eddie,SF
Jarell Eddie,SF
Jarell Eddie,SF
Henry Ellenson,PF
Wayne Ellington,SG
Joel Embiid,C
James Ennis,SF
James Ennis,SF
James Ennis,SF
Tyler Ennis,PG
Jawun Evans,PG
Jeremy Evans,SF
Tyreke Evans,PG
Dante Exum,PG
Kenneth Faried,PF
Derrick Favors,C
Kay Felder,PG
Kay Felder,PG
Kay Felder,PG
Cristiano Felício,C
Raymond Felton,PG
Terrance Ferguson,SG
Yogi Ferrell,SG
Player,Pos
Dorian Finney-Smith,PF
Bryn Forbes,SG
Evan Fournier,SF
De'Aaron Fox,PG
Tim Frazier,PG
Channing Frye,C
Channing Frye,C
Channing Frye,C
Markelle Fultz,SG
Danilo Gallinari,SF
Langston Galloway,SG
Marc Gasol,C
Pau Gasol,C
Rudy Gay,PF
Paul George,SF
Marcus Georges-Hunt,SG
Jonathan Gibson,PG
Taj Gibson,PF
Manu Ginóbili,SG
Rudy Gobert,C
Aaron Gordon,PF
Eric Gordon,SG
Player,Pos
Marcin Gortat,C
Treveon Graham,SG
Jerami Grant,PF
Jerian Grant,PG
Josh Gray,PG
Danny Green,SG
Draymond Green,PF
Gerald Green,SG
JaMychal Green,PF
Jeff Green,PF
Blake Griffin,PF
Blake Griffin,PF
Blake Griffin,PF
Daniel Hamilton,SG
Tim Hardaway Jr.,SG
James Harden,SG
Maurice Harkless,SF
Montrezl Harrell,C
Devin Harris,PG
Devin Harris,PG
Devin Harris,PG
Gary Harris,SG
Joe Harris,SG
Tobias Harris,PF
Tobias Harris,PF
Tobias Harris,PF
Player,Pos
Aaron Harrison,SG
Andrew Harrison,PG
Shaquille Harrison,PG
Josh Hart,SG
Udonis Haslem,C
Nigel Hayes,SF
Nigel Hayes,SF
Nigel Hayes,SF
Nigel Hayes,SF
Gordon Hayward,SF
Reggie Hearn,SG
Myke Henry,SF
John Henson,C
Juan Hernangómez,PF
Willy Hernangómez,C
Willy Hernangómez,C
Willy Hernangómez,C
Mario Hezonja,SF
Isaiah Hicks,PF
Buddy Hield,SG
Nenê,C
George Hill,PG
George Hill,PG
George Hill,PG
Solomon Hill,SF
Darrun Hilliard,SG
Jrue Holiday,SG
Player,Pos
Justin Holiday,SG
John Holland,SF
Rondae Hollis-Jefferson,SF
Richaun Holmes,C
Rodney Hood,SG
Rodney Hood,SG
Rodney Hood,SG
Scotty Hopson,SG
Al Horford,C
Danuel House,SG
Dwight Howard,C
Josh Huestis,PF
R.J. Hunter,SG
Vince Hunter,PF
Serge Ibaka,PF
Andre Iguodala,SF
Ersan İlyasova,PF
Ersan İlyasova,PF
Ersan İlyasova,PF
Joe Ingles,SF
Andre Ingram,SG
Brandon Ingram,SF
Kyrie Irving,PG
Jonathan Isaac,PF
Player,Pos
Wesley Iwundu,SF
Jarrett Jack,PG
Aaron Jackson,PG
Demetrius Jackson,PG
Demetrius Jackson,PG
Demetrius Jackson,PG
Josh Jackson,SF
Justin Jackson,SF
Reggie Jackson,PG
LeBron James,PF
Mike James,PG
Mike James,PG
Mike James,PG
Al Jefferson,C
Richard Jefferson,SF
Brandon Jennings,PG
Jonas Jerebko,PF
Amir Johnson,C
Brice Johnson,PF
Brice Johnson,PF
Brice Johnson,PF
Dakari Johnson,C
James Johnson,PF
Joe Johnson,SF
Joe Johnson,SF
Joe Johnson,SF
Omari Johnson,PF
Stanley Johnson,SF
Player,Pos
Tyler Johnson,PG
Wesley Johnson,SF
Nikola Jokić,C
Damian Jones,C
Derrick Jones Jr.,SF
Derrick Jones Jr.,SF
Derrick Jones Jr.,SF
Jalen Jones,SF
Jalen Jones,SF
Jalen Jones,SF
Tyus Jones,PG
DeAndre Jordan,C
Cory Joseph,PG
Frank Kaminsky,PF
Enes Kanter,C
Luke Kennard,SG
Michael Kidd-Gilchrist,SF
Sean Kilpatrick,SG
Sean Kilpatrick,SG
Sean Kilpatrick,SG
Sean Kilpatrick,SG
Sean Kilpatrick,SG
Maxi Kleber,PF
Furkan Korkmaz,SG
Luke Kornet,PF
Kyle Korver,SG
Kosta Koufos,C
Kyle Kuzma,PF
Player,Pos
Mindaugas Kuzminskas,SF
Skal Labissière,PF
Jeremy Lamb,SG
Shane Larkin,PG
Joffrey Lauvergne,C
Zach LaVine,SG
Jake Layman,SF
T.J. Leaf,PF
Courtney Lee,SG
Damion Lee,SG
Walt Lemon Jr.,PG
Alex Len,C
Kawhi Leonard,SF
Meyers Leonard,C
Jon Leuer,PF
Caris LeVert,SF
DeAndre Liggins,SG
DeAndre Liggins,SG
DeAndre Liggins,SG
Damian Lillard,PG
Jeremy Lin,PG
Shaun Livingston,PG
Player,Pos
Kevon Looney,C
Brook Lopez,C
Robin Lopez,C
Kevin Love,C
Kyle Lowry,PG
Timothé Luwawu-Cabarrot,SF
Tyler Lydon,PF
Trey Lyles,PF
Shelvin Mack,PG
Josh Magette,PG
Ian Mahinmi,C
Thon Maker,C
Boban Marjanović,C
Boban Marjanović,C
Boban Marjanović,C
Lauri Markkanen,PF
Jarell Martin,PF
Frank Mason III,PG
Mangok Mathiang,C
Wesley Matthews,SF
Luc Mbah a Moute,PF
James Michael McAdoo,PF
Player,Pos
Patrick McCaw,SG
CJ McCollum,SG
T.J. McConnell,PG
Erik McCree,SF
Chris McCullough,PF
Doug McDermott,SF
Doug McDermott,SF
Doug McDermott,SF
JaVale McGee,C
Rodney McGruder,SG
Trey McKinney-Jones,SG
Alfonzo McKinnie,SF
Ben McLemore,SG
Josh McRoberts,PF
Jodie Meeks,SG
Salah Mejri,C
Jordan Mickey,PF
Khris Middleton,SF
C.J. Miles,SF
Darius Miller,SF
Malcolm Miller,SF
Patty Mills,PG
Player,Pos
Paul Millsap,PF
Nikola Mirotić,PF
Nikola Mirotić,PF
Nikola Mirotić,PF
Donovan Mitchell,SG
Naz Mitrou-Long,SG
Malik Monk,SG
Greg Monroe,C
Greg Monroe,C
Greg Monroe,C
Greg Monroe,C
Luis Montero,SG
Ben Moore,PF
E'Twaun Moore,SG
Eric Moreland,PF
Jaylen Morris,SG
Marcus Morris,PF
Markieff Morris,PF
Monte Morris,PG
Johnathan Motley,PF
Timofey Mozgov,C
Emmanuel Mudiay,PG
Emmanuel Mudiay,PG
Emmanuel Mudiay,PG
Shabazz Muhammad,SF-SG
Shabazz Muhammad,SF
Shabazz Muhammad,SG
Xavier Munford,SG
Dejounte Murray,PG
Player,Pos
Jamal Murray,PG
Mike Muscala,C
Abdel Nader,SF
Larry Nance Jr.,C
Larry Nance Jr.,C
Larry Nance Jr.,C
Shabazz Napier,PG
Jameer Nelson,PG
Jameer Nelson,PG
Jameer Nelson,PG
Raul Neto,PG
Georges Niang,PF
Joakim Noah,C
Nerlens Noel,C
Lucas Nogueira,C
Dirk Nowitzki,C
Frank Ntilikina,PG
Jusuf Nurkić,C
David Nwaba,SG
Johnny O'Bryant,PF
Royce O'Neale,SF
Kyle O'Quinn,C
Semi Ojeleye,PF
Emeka Okafor,C
Player,Pos
Jahlil Okafor,C
Jahlil Okafor,C
Jahlil Okafor,C
Victor Oladipo,SG
Kelly Olynyk,PF
Chinanu Onuaku,C
Cedi Osman,SF
Kelly Oubre Jr.,SF
Zaza Pachulia,C
Marcus Paige,PG
Georgios Papagiannis,C
Georgios Papagiannis,C
Georgios Papagiannis,C
Jabari Parker,PF
Tony Parker,PG
Chandler Parsons,SF
Patrick Patterson,PF
Justin Patton,C
Brandon Paul,SG
Chris Paul,PG
Adreian Payne,PF
Cameron Payne,PG
Elfrid Payton,PG
Elfrid Payton,PG
Elfrid Payton,PG
Gary Payton II,PG
Gary Payton II,PG
Gary Payton II,PG
Player,Pos
Kendrick Perkins,C
London Perrantes,PG
Alec Peters,PF
Marshall Plumlee,C
Mason Plumlee,C
Miles Plumlee,C
Jakob Poeltl,C
Quincy Pondexter,SF
Otto Porter,SF
Bobby Portis,PF
Kristaps Porziņģis,PF
Dwight Powell,C
Norman Powell,SG
Alex Poythress,PF
Taurean Prince,SF
Jacob Pullen,PG
Rodney Purvis,SG
Zhou Qi,C
Tim Quarterman,SG
Ivan Rabb,PF
Player,Pos
Julius Randle,C
Zach Randolph,PF
Xavier Rathan-Mayes,SG
J.J. Redick,SG
Davon Reed,SG
Willie Reed,C
Willie Reed,C
Willie Reed,C
Josh Richardson,SF
Malachi Richardson,SG
Malachi Richardson,SG
Malachi Richardson,SG
Austin Rivers,SG
Andre Roberson,SG
Devin Robinson,SF
Glenn Robinson III,SF
Rajon Rondo,PG
Derrick Rose,PG
Derrick Rose,PG
Derrick Rose,PG
Terrence Ross,SG
Terry Rozier,PG
Ricky Rubio,PG
D'Angelo Russell,PG
Domantas Sabonis,C
JaKarr Sampson,SF
Player,Pos
Dario Šarić,PF
Tomáš Satoranský,SG
Dennis Schröder,PG
Mike Scott,PF
Thabo Sefolosha,SF
Wayne Selden,SG
Ramon Sessions,PG
Ramon Sessions,PG
Ramon Sessions,PG
Iman Shumpert,SG
Pascal Siakam,PF
Xavier Silas,SG
Ben Simmons,PG
Jonathon Simmons,SG
Kobi Simmons,PG
Kyle Singler,SF
Marcus Smart,SG
Dennis Smith Jr.,PG
Ish Smith,PG
J.R. Smith,SG
Jason Smith,C
Josh Smith,PF
Player,Pos
Tony Snell,SG
Marreese Speights,C
Nik Stauskas,SG
Nik Stauskas,SG
Nik Stauskas,SG
Lance Stephenson,SG
David Stockton,PG
Julyan Stone,SG
Edmond Sumner,PG
Caleb Swanigan,PF
Jayson Tatum,SF
Isaiah Taylor,PG
Jeff Teague,PG
Marquis Teague,PG
Mirza Teletović,PF
Garrett Temple,SG
Miloš Teodosić,PG
Jason Terry,SG
Daniel Theis,C
Isaiah Thomas,PG
Isaiah Thomas,PG
Isaiah Thomas,PG
Lance Thomas,PF
Klay Thompson,SG
Player,Pos
Tristan Thompson,C
Sindarius Thornwell,SG
Anthony Tolliver,PF
Karl-Anthony Towns,C
P.J. Tucker,PF
Evan Turner,SF
Myles Turner,C
Ekpe Udoh,C
Tyler Ulis,PG
Jonas Valančiūnas,C
Denzel Valentine,SG
Fred VanVleet,PG
Rashad Vaughn,SG
Rashad Vaughn,SG
Rashad Vaughn,SG
Rashad Vaughn,SG
Noah Vonleh,PF
Noah Vonleh,PF
Noah Vonleh,PF
Nikola Vučević,C
Dwyane Wade,SG
Dwyane Wade,SG
Dwyane Wade,SG
Dion Waiters,SG
Kemba Walker,PG
John Wall,PG
Tyrone Wallace,PG
Player,Pos
Derrick Walton,PG
Jameel Warney,PF
T.J. Warren,SF
Travis Wear,SF
James Webb III,SF
Briante Weber,PG
Briante Weber,PG
Briante Weber,PG
David West,C
Russell Westbrook,PG
Andrew White,SF
Derrick White,PG
Okaro White,PF
Isaiah Whitehead,PG
Hassan Whiteside,C
Andrew Wiggins,SF
Jacob Wiley,PF
Damien Wilkins,SF
Alan Williams,PF
C.J. Williams,SG
Derrick Williams,PF
Lou Williams,SG
Player,Pos
Marvin Williams,PF
Matt Williams,SG
Troy Williams,SF
Troy Williams,SF
Troy Williams,SF
D.J. Wilson,PF
Jamil Wilson,SF
Justise Winslow,PF
Jeff Withey,C
Nate Wolters,PG
Brandan Wright,PF
Brandan Wright,PF
Brandan Wright,PF
Delon Wright,PG
Guerschon Yabusele,PF
James Young,SG
Joe Young,PG
Nick Young,SG
Thaddeus Young,PF
Cody Zeller,C
Tyler Zeller,C
Tyler Zeller,C
Tyler Zeller,C
Paul Zipser,SF
Ante Žižić,C
Ivica Zubac,C